{
  "ceiling": 0.03965362257684732,
  "floor": 0.018391371080371758,
  "wall": 0.12049776147866151,
  "beam": 0.6724292845083034,
  "column": 0.33500045464507305,
  "window": 0.15603632288348943,
  "door": 0.16330569001809928,
  "table": 0.17793216593147143,
  "chair": 0.07176309598016406,
  "sofa": 0.19129489798162091,
  "bookcase": 0.15152689065015054,
  "board": 0.11175846230673533,
  "clutter": 0.3081174176313228
}