{
  "ceiling": 0.9845401927872403,
  "floor": 0.9928297332550171,
  "wall": 0.9530213876823225,
  "beam": 0.7378391575053205,
  "column": 0.8693929555877804,
  "window": 0.9391659244929832,
  "door": 0.936331807276024,
  "table": 0.9306293648980398,
  "chair": 0.9720216324071264,
  "sofa": 0.9254196199136888,
  "bookcase": 0.9409240224531713,
  "board": 0.9564285891331048,
  "clutter": 0.8798738787044674
}