{
  "ceiling": 0.19162614396626215,
  "floor": 0.16530988984384457,
  "wall": 0.27163180066477705,
  "beam": 0.024225706541190013,
  "column": 0.02127571629751672,
  "window": 0.021187304719483435,
  "door": 0.05482521290226575,
  "table": 0.03242913584896549,
  "chair": 0.04070302238354288,
  "sofa": 0.0048725121982827226,
  "bookcase": 0.04727087086056222,
  "board": 0.012615374927915693,
  "clutter": 0.11202730884539129
}