{
  "ceiling": 0.04219893707543651,
  "floor": 0.028412829511145765,
  "wall": 0.09856780028712875,
  "beam": 0.6005649141749113,
  "column": 0.36360593311414463,
  "window": 0.23101093470567335,
  "door": 0.16586642180168687,
  "table": 0.20743101802065192,
  "chair": 0.11321550020277224,
  "sofa": 0.64224164710606,
  "bookcase": 0.1642094566204489,
  "board": 0.2762185416334707,
  "clutter": 0.2508546573295946
}